test_cases,expected_output,moves: int
test0,0.8777381230694906,0.15
test1,0.8927517178653133,0.18
test2,0.8723955009114812,0.28
test3,0.858266218576522,0.3
test4,0.8378219757589996,0.35
test5,0.808948928848702,0.44
test6,0.8378219757589996,0.374
test7,0.7698027538213309,0.486
test8,0.6376372538442499,0.741
test9,0.6376372538442499,0.871
test10,0.6376372538442499,0.919
test11,0.6376372538442499,0.927
test12,0.5,1.000
test13,0.7178795171497276,0.600
test14,0.6376372538442499,0.973